los_confidence_threshold,risk_threshold,path_spread_threshold,seed,avg_rate,outage,beam_success,avg_return,latency_ms,fallback_rate,reactive_guard_rate
0.5,0.15,0.2,0,5.419566145514432,0.0375,0.8,5.3126911455144326,0.10541155000964864,0.3,0.7
0.5,0.15,0.4,0,5.419566145514432,0.0375,0.8,5.3126911455144326,0.09589842500474788,0.3,0.7
0.5,0.15,0.6,0,5.419566145514432,0.0375,0.8,5.3126911455144326,0.09570783750234568,0.3,0.7
0.5,0.15,0.8,0,5.419566145514432,0.0375,0.8,5.3126911455144326,0.09320831251216077,0.3,0.7
0.5,0.25,0.2,0,5.425727848713524,0.0375,0.8,5.318852848713524,0.08942664999551653,0.2875,0.7125
0.5,0.25,0.4,0,5.425727848713524,0.0375,0.8,5.318852848713524,0.09872183750587737,0.2875,0.7125
0.5,0.25,0.6,0,5.425727848713524,0.0375,0.8,5.318852848713524,0.09290257499685595,0.2875,0.7125
0.5,0.25,0.8,0,5.425727848713524,0.0375,0.8,5.318852848713524,0.08950936249902952,0.2875,0.7125
0.5,0.35,0.2,0,5.425727848713524,0.0375,0.8,5.318852848713524,0.08243127498985814,0.2625,0.7375
0.5,0.35,0.4,0,5.425727848713524,0.0375,0.8,5.318852848713524,0.08363069999006711,0.2625,0.7375
0.5,0.35,0.6,0,5.425727848713524,0.0375,0.8,5.318852848713524,0.08371097498240943,0.2625,0.7375
0.5,0.35,0.8,0,5.425727848713524,0.0375,0.8,5.318852848713524,0.08299374999012343,0.2625,0.7375
0.5,0.45,0.2,0,5.425727848713524,0.0375,0.8,5.318852848713524,0.0691150624987813,0.2125,0.7875
0.5,0.45,0.4,0,5.425727848713524,0.0375,0.8,5.318852848713524,0.06882861248698191,0.2125,0.7875
0.5,0.45,0.6,0,5.425727848713524,0.0375,0.8,5.318852848713524,0.06875886250270469,0.2125,0.7875
0.5,0.45,0.8,0,5.425727848713524,0.0375,0.8,5.318852848713524,0.06818012499536508,0.2125,0.7875
0.5,0.55,0.2,0,5.378714723427272,0.05,0.7875,5.243089723427273,0.06420161249707235,0.2,0.8
0.5,0.55,0.4,0,5.378714723427272,0.05,0.7875,5.243089723427273,0.06719112500377378,0.2,0.8
0.5,0.55,0.6,0,5.378714723427272,0.05,0.7875,5.243089723427273,0.06459114999302074,0.2,0.8
0.5,0.55,0.8,0,5.378714723427272,0.05,0.7875,5.243089723427273,0.06394576250272621,0.2,0.8
0.6,0.15,0.2,0,5.419566145514432,0.0375,0.8,5.3126911455144326,0.09456720000571295,0.3,0.7
0.6,0.15,0.4,0,5.419566145514432,0.0375,0.8,5.3126911455144326,0.09304639999356823,0.3,0.7
0.6,0.15,0.6,0,5.419566145514432,0.0375,0.8,5.3126911455144326,0.09350153749778656,0.3,0.7
0.6,0.15,0.8,0,5.419566145514432,0.0375,0.8,5.3126911455144326,0.09330777499485521,0.3,0.7
0.6,0.25,0.2,0,5.425727848713524,0.0375,0.8,5.318852848713524,0.08952028750286445,0.2875,0.7125
0.6,0.25,0.4,0,5.425727848713524,0.0375,0.8,5.318852848713524,0.08990423748969079,0.2875,0.7125
0.6,0.25,0.6,0,5.425727848713524,0.0375,0.8,5.318852848713524,0.08970933749594678,0.2875,0.7125
0.6,0.25,0.8,0,5.425727848713524,0.0375,0.8,5.318852848713524,0.0901526124891916,0.2875,0.7125
0.6,0.35,0.2,0,5.425727848713524,0.0375,0.8,5.318852848713524,0.08164940000483512,0.2625,0.7375
0.6,0.35,0.4,0,5.425727848713524,0.0375,0.8,5.318852848713524,0.08355366250043517,0.2625,0.7375
0.6,0.35,0.6,0,5.425727848713524,0.0375,0.8,5.318852848713524,0.08242551248542895,0.2625,0.7375
0.6,0.35,0.8,0,5.425727848713524,0.0375,0.8,5.318852848713524,0.08251347498458017,0.2625,0.7375
0.6,0.45,0.2,0,5.425727848713524,0.0375,0.8,5.318852848713524,0.07550782499947672,0.2375,0.7625
0.6,0.45,0.4,0,5.425727848713524,0.0375,0.8,5.318852848713524,0.07479066249800326,0.2375,0.7625
0.6,0.45,0.6,0,5.425727848713524,0.0375,0.8,5.318852848713524,0.07489217499880851,0.2375,0.7625
0.6,0.45,0.8,0,5.425727848713524,0.0375,0.8,5.318852848713524,0.07467349999501494,0.2375,0.7625
0.6,0.55,0.2,0,5.425727848713524,0.0375,0.8,5.318852848713524,0.07642971250163555,0.2375,0.7625
0.6,0.55,0.4,0,5.425727848713524,0.0375,0.8,5.318852848713524,0.07579367501477918,0.2375,0.7625
0.6,0.55,0.6,0,5.425727848713524,0.0375,0.8,5.318852848713524,0.07502910001164764,0.2375,0.7625
0.6,0.55,0.8,0,5.425727848713524,0.0375,0.8,5.318852848713524,0.07561198749215237,0.2375,0.7625
0.7,0.15,0.2,0,5.419566145514432,0.0375,0.8,5.3126911455144326,0.09304946250949797,0.3,0.7
0.7,0.15,0.4,0,5.419566145514432,0.0375,0.8,5.3126911455144326,0.09957031250280579,0.3,0.7
0.7,0.15,0.6,0,5.419566145514432,0.0375,0.8,5.3126911455144326,0.0926999874906187,0.3,0.7
0.7,0.15,0.8,0,5.419566145514432,0.0375,0.8,5.3126911455144326,0.093872862512967,0.3,0.7
0.7,0.25,0.2,0,5.425727848713524,0.0375,0.8,5.318852848713524,0.09022557501339179,0.2875,0.7125
0.7,0.25,0.4,0,5.425727848713524,0.0375,0.8,5.318852848713524,0.08948904999215301,0.2875,0.7125
0.7,0.25,0.6,0,5.425727848713524,0.0375,0.8,5.318852848713524,0.08964432497862163,0.2875,0.7125
0.7,0.25,0.8,0,5.425727848713524,0.0375,0.8,5.318852848713524,0.08987916250475791,0.2875,0.7125
0.7,0.35,0.2,0,5.425727848713524,0.0375,0.8,5.318852848713524,0.08195675000308711,0.2625,0.7375
0.7,0.35,0.4,0,5.425727848713524,0.0375,0.8,5.318852848713524,0.0837656625009231,0.2625,0.7375
0.7,0.35,0.6,0,5.425727848713524,0.0375,0.8,5.318852848713524,0.08367867500851389,0.2625,0.7375
0.7,0.35,0.8,0,5.425727848713524,0.0375,0.8,5.318852848713524,0.08460726248529227,0.2625,0.7375
0.7,0.45,0.2,0,5.425727848713524,0.0375,0.8,5.318852848713524,0.08230678749612252,0.2625,0.7375
0.7,0.45,0.4,0,5.425727848713524,0.0375,0.8,5.318852848713524,0.08248802499224439,0.2625,0.7375
0.7,0.45,0.6,0,5.425727848713524,0.0375,0.8,5.318852848713524,0.08193801248239652,0.2625,0.7375
0.7,0.45,0.8,0,5.425727848713524,0.0375,0.8,5.318852848713524,0.08203331249774237,0.2625,0.7375
0.7,0.55,0.2,0,5.425727848713524,0.0375,0.8,5.318852848713524,0.08182606252091773,0.2625,0.7375
0.7,0.55,0.4,0,5.425727848713524,0.0375,0.8,5.318852848713524,0.08231308748349875,0.2625,0.7375
0.7,0.55,0.6,0,5.425727848713524,0.0375,0.8,5.318852848713524,0.08152866249702129,0.2625,0.7375
0.7,0.55,0.8,0,5.425727848713524,0.0375,0.8,5.318852848713524,0.08219686251038638,0.2625,0.7375
0.8,0.15,0.2,0,5.419566145514432,0.0375,0.8,5.3126911455144326,0.09263383749953391,0.3,0.7
0.8,0.15,0.4,0,5.419566145514432,0.0375,0.8,5.3126911455144326,0.09328433751534249,0.3,0.7
0.8,0.15,0.6,0,5.419566145514432,0.0375,0.8,5.3126911455144326,0.09793387498575612,0.3,0.7
0.8,0.15,0.8,0,5.419566145514432,0.0375,0.8,5.3126911455144326,0.10436930001276323,0.3,0.7
0.8,0.25,0.2,0,5.425727848713524,0.0375,0.8,5.318852848713524,0.09693020001293462,0.3,0.7
0.8,0.25,0.4,0,5.425727848713524,0.0375,0.8,5.318852848713524,0.09370045000594018,0.3,0.7
0.8,0.25,0.6,0,5.425727848713524,0.0375,0.8,5.318852848713524,0.09423798748855461,0.3,0.7
0.8,0.25,0.8,0,5.425727848713524,0.0375,0.8,5.318852848713524,0.0950364375000845,0.3,0.7
0.8,0.35,0.2,0,5.425727848713524,0.0375,0.8,5.318852848713524,0.09935940000787014,0.3,0.7
0.8,0.35,0.4,0,5.425727848713524,0.0375,0.8,5.318852848713524,0.09454692500980855,0.3,0.7
0.8,0.35,0.6,0,5.425727848713524,0.0375,0.8,5.318852848713524,0.09414788749779746,0.3,0.7
0.8,0.35,0.8,0,5.425727848713524,0.0375,0.8,5.318852848713524,0.0962260000136439,0.3,0.7
0.8,0.45,0.2,0,5.425727848713524,0.0375,0.8,5.318852848713524,0.09506143749717921,0.3,0.7
0.8,0.45,0.4,0,5.425727848713524,0.0375,0.8,5.318852848713524,0.09413125000037326,0.3,0.7
0.8,0.45,0.6,0,5.425727848713524,0.0375,0.8,5.318852848713524,0.09546611248936188,0.3,0.7
0.8,0.45,0.8,0,5.425727848713524,0.0375,0.8,5.318852848713524,0.09829383749320186,0.3,0.7
0.8,0.55,0.2,0,5.425727848713524,0.0375,0.8,5.318852848713524,0.0946047250039328,0.3,0.7
0.8,0.55,0.4,0,5.425727848713524,0.0375,0.8,5.318852848713524,0.0977478500090001,0.3,0.7
0.8,0.55,0.6,0,5.425727848713524,0.0375,0.8,5.318852848713524,0.09457133747616808,0.3,0.7
0.8,0.55,0.8,0,5.425727848713524,0.0375,0.8,5.318852848713524,0.0929541374944165,0.3,0.7
0.9,0.15,0.2,0,5.419566145514432,0.0375,0.8,5.3126911455144326,0.09716243748130182,0.3125,0.6875
0.9,0.15,0.4,0,5.419566145514432,0.0375,0.8,5.3126911455144326,0.09656452500621526,0.3125,0.6875
0.9,0.15,0.6,0,5.419566145514432,0.0375,0.8,5.3126911455144326,0.09676512501926027,0.3125,0.6875
0.9,0.15,0.8,0,5.419566145514432,0.0375,0.8,5.3126911455144326,0.09759732500640439,0.3125,0.6875
0.9,0.25,0.2,0,5.419566145514432,0.0375,0.8,5.3126911455144326,0.09765779998360813,0.3125,0.6875
0.9,0.25,0.4,0,5.419566145514432,0.0375,0.8,5.3126911455144326,0.09643235001419725,0.3125,0.6875
0.9,0.25,0.6,0,5.419566145514432,0.0375,0.8,5.3126911455144326,0.09703438747976634,0.3125,0.6875
0.9,0.25,0.8,0,5.419566145514432,0.0375,0.8,5.3126911455144326,0.0965890125058877,0.3125,0.6875
0.9,0.35,0.2,0,5.419566145514432,0.0375,0.8,5.3126911455144326,0.09706193751242154,0.3125,0.6875
0.9,0.35,0.4,0,5.419566145514432,0.0375,0.8,5.3126911455144326,0.09586766250606615,0.3125,0.6875
0.9,0.35,0.6,0,5.419566145514432,0.0375,0.8,5.3126911455144326,0.09709632500687349,0.3125,0.6875
0.9,0.35,0.8,0,5.419566145514432,0.0375,0.8,5.3126911455144326,0.09625832499295939,0.3125,0.6875
0.9,0.45,0.2,0,5.419566145514432,0.0375,0.8,5.3126911455144326,0.0967568249990336,0.3125,0.6875
0.9,0.45,0.4,0,5.419566145514432,0.0375,0.8,5.3126911455144326,0.09694006249105769,0.3125,0.6875
0.9,0.45,0.6,0,5.419566145514432,0.0375,0.8,5.3126911455144326,0.09547286250324305,0.3125,0.6875
0.9,0.45,0.8,0,5.419566145514432,0.0375,0.8,5.3126911455144326,0.09628068748952501,0.3125,0.6875
0.9,0.55,0.2,0,5.419566145514432,0.0375,0.8,5.3126911455144326,0.09664322498963429,0.3125,0.6875
0.9,0.55,0.4,0,5.419566145514432,0.0375,0.8,5.3126911455144326,0.09629476250552216,0.3125,0.6875
0.9,0.55,0.6,0,5.419566145514432,0.0375,0.8,5.3126911455144326,0.09618543747933472,0.3125,0.6875
0.9,0.55,0.8,0,5.419566145514432,0.0375,0.8,5.3126911455144326,0.09610104999353553,0.3125,0.6875
